{"cameraMode":{"drawMode":0,"name":"Shaded","section":"Shading Mode"},"sceneLighting":true,"audioPlay":false,"sceneViewState":{"showFog":false,"showMaterialUpdate":false,"showSkybox":false,"showFlares":false,"showImageEffects":false,"showParticleSystems":false},"in2DMode":false,"pivot":{"x":-24.434738159179689,"y":-1.7402760982513428,"z":33.09046173095703},"rotation":{"x":0.09756164252758026,"y":0.047232553362846377,"z":-0.004673066083341837,"w":0.9943274855613709},"size":130.6053924560547,"orthographic":false}