{"cameraMode":{"drawMode":0,"name":"Shaded","section":"Shading Mode"},"sceneLighting":true,"audioPlay":false,"sceneViewState":{"showFog":false,"showMaterialUpdate":false,"showSkybox":false,"showFlares":false,"showImageEffects":false,"showParticleSystems":false},"in2DMode":false,"pivot":{"x":131.90330505371095,"y":56.46409225463867,"z":-8.830638885498047},"rotation":{"x":0.17343515157699586,"y":-0.014778856188058854,"z":0.00377373187802732,"w":0.9850126504898071},"size":162.7320556640625,"orthographic":false}