{"cameraMode":{"drawMode":0,"name":"Shaded","section":"Shading Mode"},"sceneLighting":false,"audioPlay":false,"sceneViewState":{"showFog":false,"showMaterialUpdate":false,"showSkybox":false,"showFlares":false,"showImageEffects":false,"showParticleSystems":false},"in2DMode":false,"pivot":{"x":76.46283721923828,"y":-52.962406158447269,"z":59.380489349365237},"rotation":{"x":0.4196648895740509,"y":0.04062601923942566,"z":-0.018845921382308008,"w":0.9066769480705261},"size":69.58140563964844,"orthographic":false}