{"cameraMode":{"drawMode":0,"name":"Shaded","section":"Shading Mode"},"sceneLighting":true,"audioPlay":false,"sceneViewState":{"showFog":false,"showMaterialUpdate":false,"showSkybox":false,"showFlares":false,"showImageEffects":false,"showParticleSystems":false},"in2DMode":false,"pivot":{"x":21.19459342956543,"y":3.8428475856781008,"z":-12.9107666015625},"rotation":{"x":0.01710679940879345,"y":0.7715102434158325,"z":-0.020891845226287843,"w":0.6359459757804871},"size":23.368080139160158,"orthographic":false}