{"cameraMode":{"drawMode":0,"name":"Shaded","section":"Shading Mode"},"sceneLighting":false,"audioPlay":false,"sceneViewState":{"showFog":false,"showMaterialUpdate":false,"showSkybox":false,"showFlares":false,"showImageEffects":false,"showParticleSystems":false},"in2DMode":false,"pivot":{"x":-1097.197998046875,"y":-167.3803253173828,"z":254.4187774658203},"rotation":{"x":0.02314569801092148,"y":-0.9643507599830627,"z":0.24924121797084809,"w":0.09055624902248383},"size":14.889653205871582,"orthographic":false}