{"cameraMode":{"drawMode":0,"name":"Shaded","section":"Shading Mode"},"sceneLighting":true,"audioPlay":false,"sceneViewState":{"showFog":false,"showMaterialUpdate":false,"showSkybox":false,"showFlares":false,"showImageEffects":false,"showParticleSystems":false},"in2DMode":false,"pivot":{"x":0.30257856845855715,"y":9.256898880004883,"z":-33.5987434387207},"rotation":{"x":0.12133308500051499,"y":0.2583005428314209,"z":-0.03271891176700592,"w":0.9578582644462586},"size":4.041658401489258,"orthographic":false}