{"cameraMode":{"drawMode":0,"name":"Shaded","section":"Shading Mode"},"sceneLighting":false,"audioPlay":false,"sceneViewState":{"showFog":false,"showMaterialUpdate":false,"showSkybox":false,"showFlares":false,"showImageEffects":false,"showParticleSystems":false},"in2DMode":false,"pivot":{"x":4.268204689025879,"y":2.3313918113708498,"z":-5.673124313354492},"rotation":{"x":0.1905929148197174,"y":-0.8037123084068298,"z":0.34170082211494448,"w":0.4482947587966919},"size":25.33754539489746,"orthographic":false}