{"cameraMode":{"drawMode":0,"name":"Shaded","section":"Shading Mode"},"sceneLighting":false,"audioPlay":false,"sceneViewState":{"showFog":false,"showMaterialUpdate":false,"showSkybox":false,"showFlares":false,"showImageEffects":false,"showParticleSystems":false},"in2DMode":false,"pivot":{"x":-568.1400756835938,"y":-206.57861328125,"z":400.52801513671877},"rotation":{"x":-0.06301455199718476,"y":-0.9333515763282776,"z":0.2926516830921173,"w":-0.20005415380001069},"size":92.10972595214844,"orthographic":false}