{"cameraMode":{"drawMode":0,"name":"Shaded","section":"Shading Mode"},"sceneLighting":false,"audioPlay":false,"sceneViewState":{"showFog":false,"showMaterialUpdate":false,"showSkybox":false,"showFlares":false,"showImageEffects":false,"showParticleSystems":false},"in2DMode":false,"pivot":{"x":205.36228942871095,"y":-60.59961700439453,"z":-388.74542236328127},"rotation":{"x":0.045866940170526507,"y":0.8404397368431091,"z":-0.07203706353902817,"w":0.5352165699005127},"size":347.2694396972656,"orthographic":false}