{"cameraMode":{"drawMode":0,"name":"Shaded","section":"Shading Mode"},"sceneLighting":true,"audioPlay":false,"sceneViewState":{"showFog":false,"showMaterialUpdate":false,"showSkybox":false,"showFlares":false,"showImageEffects":false,"showParticleSystems":false},"in2DMode":false,"pivot":{"x":-5.0892486572265629,"y":-23.86696434020996,"z":75.83577728271485},"rotation":{"x":-0.11126626282930374,"y":0.6999317407608032,"z":-0.11181406676769257,"w":-0.6966128349304199},"size":112.55078887939453,"orthographic":false}