{"cameraMode":{"drawMode":0,"name":"Shaded","section":"Shading Mode"},"sceneLighting":true,"audioPlay":false,"sceneViewState":{"showFog":false,"showMaterialUpdate":false,"showSkybox":false,"showFlares":false,"showImageEffects":false,"showParticleSystems":false},"in2DMode":false,"pivot":{"x":-19.52897071838379,"y":7.5314226150512699,"z":-55.252262115478519},"rotation":{"x":-0.03261516988277435,"y":-0.88697350025177,"z":0.0634499043226242,"w":-0.456371545791626},"size":5.157674789428711,"orthographic":false}