{"cameraMode":{"drawMode":0,"name":"Shaded","section":"Shading Mode"},"sceneLighting":false,"audioPlay":false,"sceneViewState":{"showFog":false,"showMaterialUpdate":false,"showSkybox":false,"showFlares":false,"showImageEffects":false,"showParticleSystems":false},"in2DMode":false,"pivot":{"x":-1166.9415283203125,"y":-184.94639587402345,"z":49.36940002441406},"rotation":{"x":-0.17160268127918244,"y":0.32091525197029116,"z":-0.05890211835503578,"w":-0.9298092126846314},"size":31.50632667541504,"orthographic":false}