{"cameraMode":{"drawMode":0,"name":"Shaded","section":"Shading Mode"},"sceneLighting":false,"audioPlay":false,"sceneViewState":{"showFog":false,"showMaterialUpdate":false,"showSkybox":false,"showFlares":false,"showImageEffects":false,"showParticleSystems":false},"in2DMode":false,"pivot":{"x":-495.2415771484375,"y":-294.8115234375,"z":401.7134704589844},"rotation":{"x":-0.14634041488170625,"y":-0.8536532521247864,"z":0.3519333004951477,"w":-0.3558976352214813},"size":225.21661376953126,"orthographic":false}