{"cameraMode":{"drawMode":0,"name":"Shaded","section":"Shading Mode"},"sceneLighting":true,"audioPlay":false,"sceneViewState":{"showFog":false,"showMaterialUpdate":false,"showSkybox":false,"showFlares":false,"showImageEffects":false,"showParticleSystems":false},"in2DMode":false,"pivot":{"x":-67.5164794921875,"y":46.96245574951172,"z":-630.7667236328125},"rotation":{"x":0.5156903862953186,"y":0.003351986175402999,"z":-0.002007553819566965,"w":0.8567869067192078},"size":1.6278376579284669,"orthographic":false}