{"cameraMode":{"drawMode":0,"name":"Shaded","section":"Shading Mode"},"sceneLighting":true,"audioPlay":false,"sceneViewState":{"showFog":false,"showMaterialUpdate":false,"showSkybox":false,"showFlares":false,"showImageEffects":false,"showParticleSystems":false},"in2DMode":false,"pivot":{"x":141.79763793945313,"y":3.8155441284179689,"z":-229.4385986328125},"rotation":{"x":0.07474028319120407,"y":-0.718505859375,"z":0.07812436670064926,"w":0.6873716711997986},"size":197.14964294433595,"orthographic":false}