{"cameraMode":{"drawMode":0,"name":"Shaded","section":"Shading Mode"},"sceneLighting":false,"audioPlay":false,"sceneViewState":{"showFog":false,"showMaterialUpdate":false,"showSkybox":false,"showFlares":false,"showImageEffects":false,"showParticleSystems":false},"in2DMode":false,"pivot":{"x":-646.8197021484375,"y":-163.33416748046876,"z":459.6878356933594},"rotation":{"x":-0.027171961963176729,"y":0.889505922794342,"z":-0.0528060644865036,"w":-0.45390698313713076},"size":57.384395599365237,"orthographic":false}