{"cameraMode":{"drawMode":0,"name":"Shaded","section":"Shading Mode"},"sceneLighting":true,"audioPlay":false,"sceneViewState":{"showFog":false,"showMaterialUpdate":false,"showSkybox":false,"showFlares":false,"showImageEffects":false,"showParticleSystems":false},"in2DMode":false,"pivot":{"x":4.585447311401367,"y":-5.34312105178833,"z":19.055429458618165},"rotation":{"x":0.3086271584033966,"y":0.5004820823669434,"z":-0.19738301634788514,"w":0.7846754193305969},"size":25.95831298828125,"orthographic":false}