{"cameraMode":{"drawMode":0,"name":"Shaded","section":"Shading Mode"},"sceneLighting":true,"audioPlay":false,"sceneViewState":{"showFog":false,"showMaterialUpdate":false,"showSkybox":false,"showFlares":false,"showImageEffects":false,"showParticleSystems":false},"in2DMode":false,"pivot":{"x":-19.672191619873048,"y":11.444238662719727,"z":-58.29004669189453},"rotation":{"x":0.2832270860671997,"y":0.4572700560092926,"z":-0.15632349252700807,"w":0.8285022974014282},"size":36.94754409790039,"orthographic":false}