{"cameraMode":{"drawMode":0,"name":"Shaded","section":"Shading Mode"},"sceneLighting":false,"audioPlay":false,"sceneViewState":{"showFog":false,"showMaterialUpdate":false,"showSkybox":false,"showFlares":false,"showImageEffects":false,"showParticleSystems":false},"in2DMode":false,"pivot":{"x":-580.3917846679688,"y":-155.27220153808595,"z":499.9967041015625},"rotation":{"x":-0.10693969577550888,"y":-0.5806179046630859,"z":0.07833162695169449,"w":-0.8037601709365845},"size":37.86595916748047,"orthographic":false}