{"cameraMode":{"drawMode":0,"name":"Shaded","section":"Shading Mode"},"sceneLighting":true,"audioPlay":false,"sceneViewState":{"showFog":false,"showMaterialUpdate":false,"showSkybox":false,"showFlares":false,"showImageEffects":false,"showParticleSystems":false},"in2DMode":false,"pivot":{"x":-67.54071807861328,"y":47.080970764160159,"z":-630.5762329101563},"rotation":{"x":0.4553741216659546,"y":-0.00853669736534357,"z":0.0043758852407336239,"w":0.8902682065963745},"size":1.6278376579284669,"orthographic":false}