{"cameraMode":{"drawMode":0,"name":"Shaded","section":"Shading Mode"},"sceneLighting":true,"audioPlay":false,"sceneViewState":{"showFog":false,"showMaterialUpdate":false,"showSkybox":false,"showFlares":false,"showImageEffects":false,"showParticleSystems":false},"in2DMode":false,"pivot":{"x":-3.2801320552825929,"y":4.729772090911865,"z":-51.724220275878909},"rotation":{"x":-0.22047877311706544,"y":0.15896545350551606,"z":-0.03624039143323898,"w":-0.9618157744407654},"size":6.205741882324219,"orthographic":false}