{"cameraMode":{"drawMode":0,"name":"Shaded","section":"Shading Mode"},"sceneLighting":true,"audioPlay":false,"sceneViewState":{"showFog":false,"showMaterialUpdate":false,"showSkybox":false,"showFlares":false,"showImageEffects":false,"showParticleSystems":false},"in2DMode":false,"pivot":{"x":-64.4101791381836,"y":33.50334930419922,"z":52.78834533691406},"rotation":{"x":0.007624450139701366,"y":0.9909341931343079,"z":-0.11829934269189835,"w":0.06547746807336807},"size":6.205741882324219,"orthographic":false}