{"cameraMode":{"drawMode":0,"name":"Shaded","section":"Shading Mode"},"sceneLighting":false,"audioPlay":false,"sceneViewState":{"showFog":false,"showMaterialUpdate":false,"showSkybox":false,"showFlares":false,"showImageEffects":false,"showParticleSystems":false},"in2DMode":false,"pivot":{"x":407.79168701171877,"y":246.24806213378907,"z":2.9788818359375},"rotation":{"x":-0.1338423192501068,"y":0.05964448302984238,"z":-0.0071419356390833859,"w":-0.9894446134567261},"size":486.5844421386719,"orthographic":false}