{"cameraMode":{"drawMode":0,"name":"Shaded","section":"Shading Mode"},"sceneLighting":false,"audioPlay":false,"sceneViewState":{"showFog":false,"showMaterialUpdate":false,"showSkybox":false,"showFlares":false,"showImageEffects":false,"showParticleSystems":false},"in2DMode":false,"pivot":{"x":-560.0292358398438,"y":-171.43270874023438,"z":348.6044616699219},"rotation":{"x":-0.1689557582139969,"y":0.3642004728317261,"z":-0.06769683212041855,"w":-0.9135865569114685},"size":6.373408317565918,"orthographic":false}