{"cameraMode":{"drawMode":0,"name":"Shaded","section":"Shading Mode"},"sceneLighting":true,"audioPlay":false,"sceneViewState":{"showFog":false,"showMaterialUpdate":false,"showSkybox":false,"showFlares":false,"showImageEffects":false,"showParticleSystems":false},"in2DMode":false,"pivot":{"x":38.167694091796878,"y":1.445304036140442,"z":-10.40030574798584},"rotation":{"x":0.004885816015303135,"y":-0.5609890222549439,"z":-0.003485824214294553,"w":-0.8279228210449219},"size":27.528133392333986,"orthographic":false}