{"cameraMode":{"drawMode":0,"name":"Shaded","section":"Shading Mode"},"sceneLighting":true,"audioPlay":false,"sceneViewState":{"showFog":false,"showMaterialUpdate":false,"showSkybox":false,"showFlares":false,"showImageEffects":false,"showParticleSystems":false},"in2DMode":false,"pivot":{"x":-1377.319091796875,"y":-230.1939697265625,"z":102.30049133300781},"rotation":{"x":-0.2761090099811554,"y":-0.33856120705604555,"z":0.10394765436649323,"w":-0.8938074707984924},"size":163.6432647705078,"orthographic":false}