{"cameraMode":{"drawMode":0,"name":"Shaded","section":"Shading Mode"},"sceneLighting":false,"audioPlay":false,"sceneViewState":{"showFog":false,"showMaterialUpdate":false,"showSkybox":false,"showFlares":false,"showImageEffects":false,"showParticleSystems":false},"in2DMode":false,"pivot":{"x":-465.8262634277344,"y":-220.45419311523438,"z":483.064453125},"rotation":{"x":-0.15425245463848115,"y":-0.7430468797683716,"z":0.18401025235652924,"w":-0.6252040863037109},"size":157.0126190185547,"orthographic":false}