{"cameraMode":{"drawMode":0,"name":"Shaded","section":"Shading Mode"},"sceneLighting":false,"audioPlay":false,"sceneViewState":{"showFog":false,"showMaterialUpdate":false,"showSkybox":false,"showFlares":false,"showImageEffects":false,"showParticleSystems":false},"in2DMode":false,"pivot":{"x":212.010986328125,"y":255.82691955566407,"z":6.61981201171875},"rotation":{"x":0.03689764812588692,"y":-0.006243566051125526,"z":0.00036150889354757965,"w":0.9994676113128662},"size":336.2422180175781,"orthographic":false}