{"cameraMode":{"drawMode":0,"name":"Shaded","section":"Shading Mode"},"sceneLighting":false,"audioPlay":false,"sceneViewState":{"showFog":false,"showMaterialUpdate":false,"showSkybox":false,"showFlares":false,"showImageEffects":false,"showParticleSystems":false},"in2DMode":false,"pivot":{"x":56.31873321533203,"y":-7.216722011566162,"z":56.15373229980469},"rotation":{"x":0.4773404002189636,"y":0.06084507703781128,"z":-0.03309512510895729,"w":0.8760476112365723},"size":5.22783899307251,"orthographic":false}