{"cameraMode":{"drawMode":0,"name":"Shaded","section":"Shading Mode"},"sceneLighting":false,"audioPlay":false,"sceneViewState":{"showFog":false,"showMaterialUpdate":false,"showSkybox":false,"showFlares":false,"showImageEffects":false,"showParticleSystems":false},"in2DMode":false,"pivot":{"x":4.305704593658447,"y":2.368891716003418,"z":-5.708101749420166},"rotation":{"x":0.13960905373096467,"y":0.7898758053779602,"z":-0.1960354745388031,"w":0.5644466876983643},"size":25.127487182617189,"orthographic":false}