{"cameraMode":{"drawMode":0,"name":"Shaded","section":"Shading Mode"},"sceneLighting":false,"audioPlay":false,"sceneViewState":{"showFog":false,"showMaterialUpdate":false,"showSkybox":false,"showFlares":false,"showImageEffects":false,"showParticleSystems":false},"in2DMode":false,"pivot":{"x":471.4983215332031,"y":471.1058654785156,"z":32.84234619140625},"rotation":{"x":0.09674112498760224,"y":-0.03326863795518875,"z":0.0028897966258227827,"w":0.9951270818710327},"size":264.13311767578127,"orthographic":false}