{"cameraMode":{"drawMode":0,"name":"Shaded","section":"Shading Mode"},"sceneLighting":false,"audioPlay":false,"sceneViewState":{"showFog":false,"showMaterialUpdate":false,"showSkybox":false,"showFlares":false,"showImageEffects":false,"showParticleSystems":false},"in2DMode":false,"pivot":{"x":-1492.619384765625,"y":-172.99200439453126,"z":265.2181396484375},"rotation":{"x":-0.11035076528787613,"y":-0.4643552005290985,"z":0.058941468596458438,"w":-0.8770700693130493},"size":767.0714721679688,"orthographic":false}