{"cameraMode":{"drawMode":0,"name":"Shaded","section":"Shading Mode"},"sceneLighting":true,"audioPlay":false,"sceneViewState":{"showFog":false,"showMaterialUpdate":false,"showSkybox":false,"showFlares":false,"showImageEffects":false,"showParticleSystems":false},"in2DMode":false,"pivot":{"x":13.262049674987793,"y":4.6245622634887699,"z":-9.224535942077637},"rotation":{"x":-0.13550317287445069,"y":0.7769567370414734,"z":-0.17909960448741914,"w":-0.5882405042648315},"size":4.759180545806885,"orthographic":false}