{"cameraMode":{"drawMode":0,"name":"Shaded","section":"Shading Mode"},"sceneLighting":true,"audioPlay":false,"sceneViewState":{"showFog":false,"showMaterialUpdate":false,"showSkybox":false,"showFlares":false,"showImageEffects":false,"showParticleSystems":false},"in2DMode":false,"pivot":{"x":-18.49279022216797,"y":8.622246742248536,"z":-52.77165222167969},"rotation":{"x":0.3088243901729584,"y":-0.36907684803009035,"z":0.13153818249702454,"w":0.8666948676109314},"size":11.641294479370118,"orthographic":false}