{"cameraMode":{"drawMode":0,"name":"Shaded","section":"Shading Mode"},"sceneLighting":true,"audioPlay":false,"sceneViewState":{"showFog":false,"showMaterialUpdate":false,"showSkybox":false,"showFlares":false,"showImageEffects":false,"showParticleSystems":false},"in2DMode":false,"pivot":{"x":8.08072280883789,"y":4.091034889221191,"z":-10.909014701843262},"rotation":{"x":0.2056199461221695,"y":-0.2766439914703369,"z":0.060602061450481418,"w":0.9369603395462036},"size":3.2120330333709719,"orthographic":false}