{"cameraMode":{"drawMode":0,"name":"Shaded","section":"Shading Mode"},"sceneLighting":false,"audioPlay":false,"sceneViewState":{"showFog":false,"showMaterialUpdate":false,"showSkybox":false,"showFlares":false,"showImageEffects":false,"showParticleSystems":false},"in2DMode":false,"pivot":{"x":-1093.9559326171875,"y":-160.98361206054688,"z":279.904296875},"rotation":{"x":-0.17847499251365663,"y":0.7911115884780884,"z":-0.2716556489467621,"w":-0.5190271139144898},"size":3.4093775749206545,"orthographic":false}