{"cameraMode":{"drawMode":0,"name":"Shaded","section":"Shading Mode"},"sceneLighting":true,"audioPlay":false,"sceneViewState":{"showFog":false,"showMaterialUpdate":false,"showSkybox":false,"showFlares":false,"showImageEffects":false,"showParticleSystems":false},"in2DMode":false,"pivot":{"x":-21.827707290649415,"y":13.917747497558594,"z":-64.851318359375},"rotation":{"x":0.09341583400964737,"y":0.08682896196842194,"z":-0.008159802295267582,"w":0.9918960332870483},"size":5.335972309112549,"orthographic":false}