{"cameraMode":{"drawMode":0,"name":"Shaded","section":"Shading Mode"},"sceneLighting":true,"audioPlay":false,"sceneViewState":{"showFog":false,"showMaterialUpdate":false,"showSkybox":false,"showFlares":false,"showImageEffects":false,"showParticleSystems":false},"in2DMode":false,"pivot":{"x":2.840961456298828,"y":0.9536151885986328,"z":-1.1973772048950196},"rotation":{"x":-0.1377512514591217,"y":0.7522828578948975,"z":-0.1664954423904419,"w":-0.6224035620689392},"size":18.685840606689454,"orthographic":false}