{"cameraMode":{"drawMode":0,"name":"Shaded","section":"Shading Mode"},"sceneLighting":true,"audioPlay":false,"sceneViewState":{"showFog":false,"showMaterialUpdate":false,"showSkybox":false,"showFlares":false,"showImageEffects":false,"showParticleSystems":false},"in2DMode":false,"pivot":{"x":5.364720344543457,"y":-5.669223785400391,"z":15.294607162475586},"rotation":{"x":0.19434717297554017,"y":-0.15172626078128816,"z":0.030495181679725648,"w":0.9687260985374451},"size":38.1932258605957,"orthographic":false}