{"cameraMode":{"drawMode":0,"name":"Shaded","section":"Shading Mode"},"sceneLighting":true,"audioPlay":false,"sceneViewState":{"showFog":false,"showMaterialUpdate":false,"showSkybox":false,"showFlares":false,"showImageEffects":false,"showParticleSystems":false},"in2DMode":false,"pivot":{"x":-90.4245834350586,"y":27.44460105895996,"z":-300.4238586425781},"rotation":{"x":0.15171009302139283,"y":0.03706275299191475,"z":-0.00569244846701622,"w":0.987761378288269},"size":11.32327651977539,"orthographic":false}