{"cameraMode":{"drawMode":0,"name":"Shaded","section":"Shading Mode"},"sceneLighting":false,"audioPlay":false,"sceneViewState":{"showFog":false,"showMaterialUpdate":false,"showSkybox":false,"showFlares":false,"showImageEffects":false,"showParticleSystems":false},"in2DMode":false,"pivot":{"x":-1435.24658203125,"y":-189.45620727539063,"z":214.42437744140626},"rotation":{"x":0.41819509863853457,"y":-0.3838188052177429,"z":0.20118260383605958,"w":0.7987734079360962},"size":5.692660808563232,"orthographic":false}