{"cameraMode":{"drawMode":0,"name":"Shaded","section":"Shading Mode"},"sceneLighting":false,"audioPlay":false,"sceneViewState":{"showFog":false,"showMaterialUpdate":false,"showSkybox":false,"showFlares":false,"showImageEffects":false,"showParticleSystems":false},"in2DMode":false,"pivot":{"x":-587.923095703125,"y":-158.18743896484376,"z":478.3269348144531},"rotation":{"x":-0.0027415212243795397,"y":0.9950213432312012,"z":-0.0283645149320364,"w":-0.09586315602064133},"size":14.190715789794922,"orthographic":false}