{"cameraMode":{"drawMode":0,"name":"Shaded","section":"Shading Mode"},"sceneLighting":false,"audioPlay":false,"sceneViewState":{"showFog":false,"showMaterialUpdate":false,"showSkybox":false,"showFlares":false,"showImageEffects":false,"showParticleSystems":false},"in2DMode":false,"pivot":{"x":-18.114843368530275,"y":1.5216586589813233,"z":-47.39651107788086},"rotation":{"x":0.2021188735961914,"y":0.13522499799728394,"z":-0.028131157159805299,"w":0.9696245193481445},"size":15.199073791503907,"orthographic":false}