{"cameraMode":{"drawMode":0,"name":"Shaded","section":"Shading Mode"},"sceneLighting":true,"audioPlay":false,"sceneViewState":{"showFog":false,"showMaterialUpdate":false,"showSkybox":false,"showFlares":false,"showImageEffects":false,"showParticleSystems":false},"in2DMode":false,"pivot":{"x":-72.5702896118164,"y":18.776010513305665,"z":-289.0854187011719},"rotation":{"x":-0.3455290198326111,"y":-0.597869873046875,"z":0.31762391328811648,"w":-0.6502311825752258},"size":3.763932943344116,"orthographic":false}