{"cameraMode":{"drawMode":0,"name":"Shaded","section":"Shading Mode"},"sceneLighting":false,"audioPlay":false,"sceneViewState":{"showFog":false,"showMaterialUpdate":false,"showSkybox":false,"showFlares":false,"showImageEffects":false,"showParticleSystems":false},"in2DMode":false,"pivot":{"x":5.6872663497924809,"y":0.2658734917640686,"z":0.31790849566459658},"rotation":{"x":0.1177525743842125,"y":0.6603735685348511,"z":-0.10585637390613556,"w":0.7341195344924927},"size":24.128246307373048,"orthographic":false}