{"cameraMode":{"drawMode":0,"name":"Shaded","section":"Shading Mode"},"sceneLighting":false,"audioPlay":false,"sceneViewState":{"showFog":false,"showMaterialUpdate":false,"showSkybox":false,"showFlares":false,"showImageEffects":false,"showParticleSystems":false},"in2DMode":false,"pivot":{"x":-523.2242431640625,"y":-296.7575988769531,"z":355.3260192871094},"rotation":{"x":0.18952442705631257,"y":0.8066757917404175,"z":-0.3408600091934204,"w":0.44478148221969607},"size":787.0592651367188,"orthographic":false}