{"cameraMode":{"drawMode":0,"name":"Shaded","section":"Shading Mode"},"sceneLighting":true,"audioPlay":false,"sceneViewState":{"showFog":false,"showMaterialUpdate":false,"showSkybox":false,"showFlares":false,"showImageEffects":false,"showParticleSystems":false},"in2DMode":false,"pivot":{"x":-194.66993713378907,"y":27.386173248291017,"z":-242.2781524658203},"rotation":{"x":-0.1057228222489357,"y":-0.7677008509635925,"z":0.12812553346157075,"w":-0.6196234822273254},"size":5.785576343536377,"orthographic":false}